match_id,inning,batting_team,bowling_team,over,ball,batter,bowler,non_striker,batsman_runs,extra_runs,total_runs,extras_type,is_wicket,player_dismissed,dismissal_kind,fielder
1426312,1,Sunrisers Hyderabad,Kolkata Knight Riders,0,1,Abhishek Sharma,MA Starc,TM Head,0,0,0,null,0,NA,NA,NA
1426312,1,Sunrisers Hyderabad,Kolkata Knight Riders,0,2,Abhishek Sharma,MA Starc,TM Head,0,0,0,null,0,NA,NA,NA
1426312,1,Sunrisers Hyderabad,Kolkata Knight Riders,0,3,Abhishek Sharma,MA Starc,TM Head,0,0,0,null,0,NA,NA,NA
1426312,1,Sunrisers Hyderabad,Kolkata Knight Riders,0,4,Abhishek Sharma,MA Starc,TM Head,2,0,2,null,0,NA,NA,NA
1426312,1,Sunrisers Hyderabad,Kolkata Knight Riders,0,5,Abhishek Sharma,MA Starc,TM Head,0,0,0,null,1,Abhishek Sharma,bowled,NA
1426312,1,Sunrisers Hyderabad,Kolkata Knight Riders,0,6,RA Tripathi,MA Starc,TM Head,1,0,1,null,0,NA,NA,NA
1426312,1,Sunrisers Hyderabad,Kolkata Knight Riders,1,1,RA Tripathi,VG Arora,TM Head,0,0,0,null,0,NA,NA,NA
1426312,1,Sunrisers Hyderabad,Kolkata Knight Riders,1,2,RA Tripathi,VG Arora,TM Head,0,0,0,null,0,NA,NA,NA
1426312,1,Sunrisers Hyderabad,Kolkata Knight Riders,1,3,RA Tripathi,VG Arora,TM Head,0,0,0,null,0,NA,NA,NA
1426312,1,Sunrisers Hyderabad,Kolkata Knight Riders,1,4,RA Tripathi,VG Arora,TM Head,0,2,2,legbyes,0,NA,NA,NA
1426312,1,Sunrisers Hyderabad,Kolkata Knight Riders,1,5,RA Tripathi,VG Arora,TM Head,1,0,1,null,0,NA,NA,NA
1426312,1,Sunrisers Hyderabad,Kolkata Knight Riders,1,6,TM Head,VG Arora,RA Tripathi,0,0,0,null,1,TM Head,caught,Rahmanullah Gurbaz
1426312,1,Sunrisers Hyderabad,Kolkata Knight Riders,2,1,RA Tripathi,MA Starc,AK Markram,4,0,4,null,0,NA,NA,NA
1426312,1,Sunrisers Hyderabad,Kolkata Knight Riders,2,2,RA Tripathi,MA Starc,AK Markram,1,0,1,null,0,NA,NA,NA
1426312,1,Sunrisers Hyderabad,Kolkata Knight Riders,2,3,AK Markram,MA Starc,RA Tripathi,0,0,0,null,0,NA,NA,NA
1426312,1,Sunrisers Hyderabad,Kolkata Knight Riders,2,4,AK Markram,MA Starc,RA Tripathi,4,0,4,null,0,NA,NA,NA
1426312,1,Sunrisers Hyderabad,Kolkata Knight Riders,2,5,AK Markram,MA Starc,RA Tripathi,0,0,0,null,0,NA,NA,NA
1426312,1,Sunrisers Hyderabad,Kolkata Knight Riders,2,6,AK Markram,MA Starc,RA Tripathi,0,0,0,null,0,NA,NA,NA
1426312,1,Sunrisers Hyderabad,Kolkata Knight Riders,3,1,RA Tripathi,VG Arora,AK Markram,0,1,1,wides,0,NA,NA,NA
1426312,1,Sunrisers Hyderabad,Kolkata Knight Riders,3,2,RA Tripathi,VG Arora,AK Markram,0,1,1,wides,0,NA,NA,NA
1426312,1,Sunrisers Hyderabad,Kolkata Knight Riders,3,3,RA Tripathi,VG Arora,AK Markram,1,0,1,null,0,NA,NA,NA
1426312,1,Sunrisers Hyderabad,Kolkata Knight Riders,3,4,AK Markram,VG Arora,RA Tripathi,0,0,0,null,0,NA,NA,NA
1426312,1,Sunrisers Hyderabad,Kolkata Knight Riders,3,5,AK Markram,VG Arora,RA Tripathi,1,0,1,null,0,NA,NA,NA
1426312,1,Sunrisers Hyderabad,Kolkata Knight Riders,3,6,RA Tripathi,VG Arora,AK Markram,0,0,0,null,0,NA,NA,NA
1426312,1,Sunrisers Hyderabad,Kolkata Knight Riders,3,7,RA Tripathi,VG Arora,AK Markram,0,1,1,wides,0,NA,NA,NA
1426312,1,Sunrisers Hyderabad,Kolkata Knight Riders,3,8,RA Tripathi,VG Arora,AK Markram,1,0,1,null,0,NA,NA,NA
1426312,1,Sunrisers Hyderabad,Kolkata Knight Riders,3,9,AK Markram,VG Arora,RA Tripathi,0,0,0,null,0,NA,NA,NA
1426312,1,Sunrisers Hyderabad,Kolkata Knight Riders,4,1,RA Tripathi,MA Starc,AK Markram,0,0,0,null,0,NA,NA,NA
1426312,1,Sunrisers Hyderabad,Kolkata Knight Riders,4,2,RA Tripathi,MA Starc,AK Markram,0,0,0,null,1,RA Tripathi,caught,Ramandeep Singh
1426312,1,Sunrisers Hyderabad,Kolkata Knight Riders,4,3,Nithish Kumar Reddy,MA Starc,AK Markram,1,0,1,null,0,NA,NA,NA
1426312,1,Sunrisers Hyderabad,Kolkata Knight Riders,4,4,AK Markram,MA Starc,Nithish Kumar Reddy,1,0,1,null,0,NA,NA,NA
1426312,1,Sunrisers Hyderabad,Kolkata Knight Riders,4,5,Nithish Kumar Reddy,MA Starc,AK Markram,0,0,0,null,0,NA,NA,NA
1426312,1,Sunrisers Hyderabad,Kolkata Knight Riders,4,6,Nithish Kumar Reddy,MA Starc,AK Markram,0,0,0,null,0,NA,NA,NA
1426312,1,Sunrisers Hyderabad,Kolkata Knight Riders,5,1,AK Markram,VG Arora,Nithish Kumar Reddy,0,1,1,wides,0,NA,NA,NA
1426312,1,Sunrisers Hyderabad,Kolkata Knight Riders,5,2,AK Markram,VG Arora,Nithish Kumar Reddy,4,0,4,null,0,NA,NA,NA
1426312,1,Sunrisers Hyderabad,Kolkata Knight Riders,5,3,AK Markram,VG Arora,Nithish Kumar Reddy,4,0,4,null,0,NA,NA,NA
1426312,1,Sunrisers Hyderabad,Kolkata Knight Riders,5,4,AK Markram,VG Arora,Nithish Kumar Reddy,1,0,1,null,0,NA,NA,NA
1426312,1,Sunrisers Hyderabad,Kolkata Knight Riders,5,5,Nithish Kumar Reddy,VG Arora,AK Markram,0,0,0,null,0,NA,NA,NA
1426312,1,Sunrisers Hyderabad,Kolkata Knight Riders,5,6,Nithish Kumar Reddy,VG Arora,AK Markram,6,0,6,null,0,NA,NA,NA
1426312,1,Sunrisers Hyderabad,Kolkata Knight Riders,5,7,Nithish Kumar Reddy,VG Arora,AK Markram,1,0,1,null,0,NA,NA,NA
1426312,1,Sunrisers Hyderabad,Kolkata Knight Riders,6,1,Nithish Kumar Reddy,Harshit Rana,AK Markram,4,0,4,null,0,NA,NA,NA
1426312,1,Sunrisers Hyderabad,Kolkata Knight Riders,6,2,Nithish Kumar Reddy,Harshit Rana,AK Markram,1,0,1,null,0,NA,NA,NA
1426312,1,Sunrisers Hyderabad,Kolkata Knight Riders,6,3,AK Markram,Harshit Rana,Nithish Kumar Reddy,0,1,1,wides,0,NA,NA,NA
1426312,1,Sunrisers Hyderabad,Kolkata Knight Riders,6,4,AK Markram,Harshit Rana,Nithish Kumar Reddy,0,0,0,null,0,NA,NA,NA
1426312,1,Sunrisers Hyderabad,Kolkata Knight Riders,6,5,AK Markram,Harshit Rana,Nithish Kumar Reddy,1,0,1,null,0,NA,NA,NA
1426312,1,Sunrisers Hyderabad,Kolkata Knight Riders,6,6,Nithish Kumar Reddy,Harshit Rana,AK Markram,0,0,0,null,0,NA,NA,NA
1426312,1,Sunrisers Hyderabad,Kolkata Knight Riders,6,7,Nithish Kumar Reddy,Harshit Rana,AK Markram,0,0,0,null,1,Nithish Kumar Reddy,caught,Rahmanullah Gurbaz
1426312,1,Sunrisers Hyderabad,Kolkata Knight Riders,7,1,AK Markram,SP Narine,H Klaasen,0,0,0,null,0,NA,NA,NA
1426312,1,Sunrisers Hyderabad,Kolkata Knight Riders,7,2,AK Markram,SP Narine,H Klaasen,1,0,1,null,0,NA,NA,NA
1426312,1,Sunrisers Hyderabad,Kolkata Knight Riders,7,3,H Klaasen,SP Narine,AK Markram,1,0,1,null,0,NA,NA,NA
1426312,1,Sunrisers Hyderabad,Kolkata Knight Riders,7,4,AK Markram,SP Narine,H Klaasen,0,0,0,null,0,NA,NA,NA
1426312,1,Sunrisers Hyderabad,Kolkata Knight Riders,7,5,AK Markram,SP Narine,H Klaasen,1,0,1,null,0,NA,NA,NA
1426312,1,Sunrisers Hyderabad,Kolkata Knight Riders,7,6,H Klaasen,SP Narine,AK Markram,1,0,1,null,0,NA,NA,NA
1426312,1,Sunrisers Hyderabad,Kolkata Knight Riders,8,1,H Klaasen,Harshit Rana,AK Markram,4,0,4,null,0,NA,NA,NA
1426312,1,Sunrisers Hyderabad,Kolkata Knight Riders,8,2,H Klaasen,Harshit Rana,AK Markram,1,0,1,null,0,NA,NA,NA
1426312,1,Sunrisers Hyderabad,Kolkata Knight Riders,8,3,AK Markram,Harshit Rana,H Klaasen,1,0,1,null,0,NA,NA,NA
1426312,1,Sunrisers Hyderabad,Kolkata Knight Riders,8,4,H Klaasen,Harshit Rana,AK Markram,0,0,0,null,0,NA,NA,NA
1426312,1,Sunrisers Hyderabad,Kolkata Knight Riders,8,5,H Klaasen,Harshit Rana,AK Markram,0,0,0,null,0,NA,NA,NA
1426312,1,Sunrisers Hyderabad,Kolkata Knight Riders,8,6,H Klaasen,Harshit Rana,AK Markram,1,0,1,null,0,NA,NA,NA
1426312,1,Sunrisers Hyderabad,Kolkata Knight Riders,9,1,H Klaasen,SP Narine,AK Markram,1,0,1,null,0,NA,NA,NA
1426312,1,Sunrisers Hyderabad,Kolkata Knight Riders,9,2,AK Markram,SP Narine,H Klaasen,1,0,1,null,0,NA,NA,NA
1426312,1,Sunrisers Hyderabad,Kolkata Knight Riders,9,3,H Klaasen,SP Narine,AK Markram,1,0,1,null,0,NA,NA,NA
1426312,1,Sunrisers Hyderabad,Kolkata Knight Riders,9,4,AK Markram,SP Narine,H Klaasen,0,0,0,null,0,NA,NA,NA
1426312,1,Sunrisers Hyderabad,Kolkata Knight Riders,9,5,AK Markram,SP Narine,H Klaasen,0,0,0,null,0,NA,NA,NA
1426312,1,Sunrisers Hyderabad,Kolkata Knight Riders,9,6,AK Markram,SP Narine,H Klaasen,0,0,0,null,0,NA,NA,NA
1426312,1,Sunrisers Hyderabad,Kolkata Knight Riders,10,1,H Klaasen,AD Russell,AK Markram,1,0,1,null,0,NA,NA,NA
1426312,1,Sunrisers Hyderabad,Kolkata Knight Riders,10,2,AK Markram,AD Russell,H Klaasen,0,0,0,null,1,AK Markram,caught,MA Starc
1426312,1,Sunrisers Hyderabad,Kolkata Knight Riders,10,3,Shahbaz Ahmed,AD Russell,H Klaasen,2,0,2,null,0,NA,NA,NA
1426312,1,Sunrisers Hyderabad,Kolkata Knight Riders,10,4,Shahbaz Ahmed,AD Russell,H Klaasen,0,0,0,null,0,NA,NA,NA
1426312,1,Sunrisers Hyderabad,Kolkata Knight Riders,10,5,Shahbaz Ahmed,AD Russell,H Klaasen,0,0,0,null,0,NA,NA,NA
1426312,1,Sunrisers Hyderabad,Kolkata Knight Riders,10,6,Shahbaz Ahmed,AD Russell,H Klaasen,6,0,6,null,0,NA,NA,NA
1426312,1,Sunrisers Hyderabad,Kolkata Knight Riders,11,1,H Klaasen,CV Varun,Shahbaz Ahmed,0,0,0,null,0,NA,NA,NA
1426312,1,Sunrisers Hyderabad,Kolkata Knight Riders,11,2,H Klaasen,CV Varun,Shahbaz Ahmed,1,0,1,null,0,NA,NA,NA
1426312,1,Sunrisers Hyderabad,Kolkata Knight Riders,11,3,Shahbaz Ahmed,CV Varun,H Klaasen,0,0,0,null,0,NA,NA,NA
1426312,1,Sunrisers Hyderabad,Kolkata Knight Riders,11,4,Shahbaz Ahmed,CV Varun,H Klaasen,0,0,0,null,0,NA,NA,NA
1426312,1,Sunrisers Hyderabad,Kolkata Knight Riders,11,5,Shahbaz Ahmed,CV Varun,H Klaasen,0,0,0,null,1,Shahbaz Ahmed,caught,SP Narine
1426312,1,Sunrisers Hyderabad,Kolkata Knight Riders,11,6,Abdul Samad,CV Varun,H Klaasen,1,0,1,null,0,NA,NA,NA
1426312,1,Sunrisers Hyderabad,Kolkata Knight Riders,12,1,Abdul Samad,AD Russell,H Klaasen,2,0,2,null,0,NA,NA,NA
1426312,1,Sunrisers Hyderabad,Kolkata Knight Riders,12,2,Abdul Samad,AD Russell,H Klaasen,1,0,1,null,0,NA,NA,NA
1426312,1,Sunrisers Hyderabad,Kolkata Knight Riders,12,3,H Klaasen,AD Russell,Abdul Samad,1,0,1,null,0,NA,NA,NA
1426312,1,Sunrisers Hyderabad,Kolkata Knight Riders,12,4,Abdul Samad,AD Russell,H Klaasen,0,1,1,wides,0,NA,NA,NA
1426312,1,Sunrisers Hyderabad,Kolkata Knight Riders,12,5,Abdul Samad,AD Russell,H Klaasen,0,0,0,null,1,Abdul Samad,caught,Rahmanullah Gurbaz
1426312,1,Sunrisers Hyderabad,Kolkata Knight Riders,12,6,PJ Cummins,AD Russell,H Klaasen,4,0,4,null,0,NA,NA,NA
1426312,1,Sunrisers Hyderabad,Kolkata Knight Riders,12,7,PJ Cummins,AD Russell,H Klaasen,1,0,1,null,0,NA,NA,NA
1426312,1,Sunrisers Hyderabad,Kolkata Knight Riders,13,1,PJ Cummins,CV Varun,H Klaasen,4,0,4,null,0,NA,NA,NA
1426312,1,Sunrisers Hyderabad,Kolkata Knight Riders,13,2,PJ Cummins,CV Varun,H Klaasen,0,1,1,byes,0,NA,NA,NA
1426312,1,Sunrisers Hyderabad,Kolkata Knight Riders,13,3,H Klaasen,CV Varun,PJ Cummins,0,0,0,null,0,NA,NA,NA
1426312,1,Sunrisers Hyderabad,Kolkata Knight Riders,13,4,H Klaasen,CV Varun,PJ Cummins,2,0,2,null,0,NA,NA,NA
1426312,1,Sunrisers Hyderabad,Kolkata Knight Riders,13,5,H Klaasen,CV Varun,PJ Cummins,1,0,1,null,0,NA,NA,NA
1426312,1,Sunrisers Hyderabad,Kolkata Knight Riders,13,6,PJ Cummins,CV Varun,H Klaasen,0,0,0,null,0,NA,NA,NA
1426312,1,Sunrisers Hyderabad,Kolkata Knight Riders,14,1,H Klaasen,Harshit Rana,PJ Cummins,0,0,0,null,1,H Klaasen,bowled,NA
1426312,1,Sunrisers Hyderabad,Kolkata Knight Riders,14,2,JD Unadkat,Harshit Rana,PJ Cummins,0,0,0,null,0,NA,NA,NA
1426312,1,Sunrisers Hyderabad,Kolkata Knight Riders,14,3,JD Unadkat,Harshit Rana,PJ Cummins,0,0,0,null,0,NA,NA,NA
1426312,1,Sunrisers Hyderabad,Kolkata Knight Riders,14,4,JD Unadkat,Harshit Rana,PJ Cummins,0,0,0,null,0,NA,NA,NA
1426312,1,Sunrisers Hyderabad,Kolkata Knight Riders,14,5,JD Unadkat,Harshit Rana,PJ Cummins,0,0,0,null,0,NA,NA,NA
1426312,1,Sunrisers Hyderabad,Kolkata Knight Riders,14,6,JD Unadkat,Harshit Rana,PJ Cummins,0,0,0,null,0,NA,NA,NA
1426312,1,Sunrisers Hyderabad,Kolkata Knight Riders,15,1,PJ Cummins,SP Narine,JD Unadkat,0,4,4,byes,0,NA,NA,NA
1426312,1,Sunrisers Hyderabad,Kolkata Knight Riders,15,2,PJ Cummins,SP Narine,JD Unadkat,1,0,1,null,0,NA,NA,NA
1426312,1,Sunrisers Hyderabad,Kolkata Knight Riders,15,3,JD Unadkat,SP Narine,PJ Cummins,0,0,0,null,0,NA,NA,NA
1426312,1,Sunrisers Hyderabad,Kolkata Knight Riders,15,4,JD Unadkat,SP Narine,PJ Cummins,1,0,1,null,0,NA,NA,NA
1426312,1,Sunrisers Hyderabad,Kolkata Knight Riders,15,5,PJ Cummins,SP Narine,JD Unadkat,1,0,1,null,0,NA,NA,NA
1426312,1,Sunrisers Hyderabad,Kolkata Knight Riders,15,6,JD Unadkat,SP Narine,PJ Cummins,1,0,1,null,0,NA,NA,NA
1426312,1,Sunrisers Hyderabad,Kolkata Knight Riders,16,1,JD Unadkat,Harshit Rana,PJ Cummins,1,0,1,null,0,NA,NA,NA
1426312,1,Sunrisers Hyderabad,Kolkata Knight Riders,16,2,PJ Cummins,Harshit Rana,JD Unadkat,0,0,0,null,0,NA,NA,NA
1426312,1,Sunrisers Hyderabad,Kolkata Knight Riders,16,3,PJ Cummins,Harshit Rana,JD Unadkat,0,0,0,null,0,NA,NA,NA
1426312,1,Sunrisers Hyderabad,Kolkata Knight Riders,16,4,PJ Cummins,Harshit Rana,JD Unadkat,2,0,2,null,0,NA,NA,NA
1426312,1,Sunrisers Hyderabad,Kolkata Knight Riders,16,5,PJ Cummins,Harshit Rana,JD Unadkat,6,0,6,null,0,NA,NA,NA
1426312,1,Sunrisers Hyderabad,Kolkata Knight Riders,16,6,PJ Cummins,Harshit Rana,JD Unadkat,1,0,1,null,0,NA,NA,NA
1426312,1,Sunrisers Hyderabad,Kolkata Knight Riders,17,1,PJ Cummins,SP Narine,JD Unadkat,1,0,1,null,0,NA,NA,NA
1426312,1,Sunrisers Hyderabad,Kolkata Knight Riders,17,2,JD Unadkat,SP Narine,PJ Cummins,1,0,1,null,0,NA,NA,NA
1426312,1,Sunrisers Hyderabad,Kolkata Knight Riders,17,3,PJ Cummins,SP Narine,JD Unadkat,2,0,2,null,0,NA,NA,NA
1426312,1,1,Kolkata Knight Riders,17,4,PJ Cummins,SP Narine,JD Unadkat,1,0,1,null,0,NA,NA,NA
1426312,1,Sunrisers Hyderabad,Kolkata Knight Riders,17,5,JD Unadkat,SP Narine,PJ Cummins,0,0,0,null,1,JD Unadkat,lbw,NA
1426312,1,Sunrisers Hyderabad,Kolkata Knight Riders,17,6,B Kumar,SP Narine,PJ Cummins,0,0,0,null,0,NA,NA,NA
1426312,1,Sunrisers Hyderabad,Kolkata Knight Riders,18,1,PJ Cummins,AD Russell,B Kumar,0,0,0,null,0,NA,NA,NA
1426312,1,Sunrisers Hyderabad,Kolkata Knight Riders,18,2,PJ Cummins,AD Russell,B Kumar,0,0,0,null,0,NA,NA,NA
1426312,1,Sunrisers Hyderabad,Kolkata Knight Riders,18,3,PJ Cummins,AD Russell,B Kumar,0,0,0,null,1,PJ Cummins,caught,MA Starc
1426312,2,Kolkata Knight Riders,Sunrisers Hyderabad,0,1,Rahmanullah Gurbaz,B Kumar,SP Narine,0,0,0,null,0,NA,NA,NA
1426312,2,Kolkata Knight Riders,Sunrisers Hyderabad,0,2,Rahmanullah Gurbaz,B Kumar,SP Narine,4,0,4,null,0,NA,NA,NA
1426312,2,Kolkata Knight Riders,Sunrisers Hyderabad,0,3,Rahmanullah Gurbaz,B Kumar,SP Narine,0,0,0,null,0,NA,NA,NA
1426312,2,Kolkata Knight Riders,Sunrisers Hyderabad,0,4,Rahmanullah Gurbaz,B Kumar,SP Narine,0,1,1,wides,0,NA,NA,NA
1426312,2,Kolkata Knight Riders,Sunrisers Hyderabad,0,5,Rahmanullah Gurbaz,B Kumar,SP Narine,0,0,0,null,0,NA,NA,NA
1426312,2,Kolkata Knight Riders,Sunrisers Hyderabad,0,6,Rahmanullah Gurbaz,B Kumar,SP Narine,0,0,0,null,0,NA,NA,NA
1426312,2,Kolkata Knight Riders,Sunrisers Hyderabad,0,7,Rahmanullah Gurbaz,B Kumar,SP Narine,0,0,0,null,0,NA,NA,NA
1426312,2,Kolkata Knight Riders,Sunrisers Hyderabad,1,1,SP Narine,PJ Cummins,Rahmanullah Gurbaz,6,0,6,null,0,NA,NA,NA
1426312,2,Kolkata Knight Riders,Sunrisers Hyderabad,1,2,SP Narine,PJ Cummins,Rahmanullah Gurbaz,0,0,0,null,1,SP Narine,caught,Shahbaz Ahmed
1426312,2,Kolkata Knight Riders,Sunrisers Hyderabad,1,3,VR Iyer,PJ Cummins,Rahmanullah Gurbaz,0,2,2,wides,0,NA,NA,NA
1426312,2,Kolkata Knight Riders,Sunrisers Hyderabad,1,4,Rahmanullah Gurbaz,PJ Cummins,VR Iyer,0,0,0,null,0,NA,NA,NA
1426312,2,Kolkata Knight Riders,Sunrisers Hyderabad,1,5,Rahmanullah Gurbaz,PJ Cummins,VR Iyer,0,0,0,null,0,NA,NA,NA
1426312,2,Kolkata Knight Riders,Sunrisers Hyderabad,1,6,Rahmanullah Gurbaz,PJ Cummins,VR Iyer,4,0,4,null,0,NA,NA,NA
1426312,2,Kolkata Knight Riders,Sunrisers Hyderabad,1,7,Rahmanullah Gurbaz,PJ Cummins,VR Iyer,0,0,0,null,0,NA,NA,NA
1426312,2,Kolkata Knight Riders,Sunrisers Hyderabad,2,1,VR Iyer,B Kumar,Rahmanullah Gurbaz,4,0,4,null,0,NA,NA,NA
1426312,2,Kolkata Knight Riders,Sunrisers Hyderabad,2,2,VR Iyer,B Kumar,Rahmanullah Gurbaz,6,0,6,null,0,NA,NA,NA
1426312,2,Kolkata Knight Riders,Sunrisers Hyderabad,2,3,VR Iyer,B Kumar,Rahmanullah Gurbaz,6,0,6,null,0,NA,NA,NA
1426312,2,Kolkata Knight Riders,Sunrisers Hyderabad,2,4,VR Iyer,B Kumar,Rahmanullah Gurbaz,1,0,1,null,0,NA,NA,NA
1426312,2,Kolkata Knight Riders,Sunrisers Hyderabad,2,5,Rahmanullah Gurbaz,B Kumar,VR Iyer,1,0,1,null,0,NA,NA,NA
1426312,2,Kolkata Knight Riders,Sunrisers Hyderabad,2,6,VR Iyer,B Kumar,Rahmanullah Gurbaz,2,0,2,null,0,NA,NA,NA
1426312,2,Kolkata Knight Riders,Sunrisers Hyderabad,3,1,Rahmanullah Gurbaz,T Natarajan,VR Iyer,0,1,1,wides,0,NA,NA,NA
1426312,2,Kolkata Knight Riders,Sunrisers Hyderabad,3,2,Rahmanullah Gurbaz,T Natarajan,VR Iyer,4,0,4,null,0,NA,NA,NA
1426312,2,Kolkata Knight Riders,Sunrisers Hyderabad,3,3,Rahmanullah Gurbaz,T Natarajan,VR Iyer,0,0,0,null,0,NA,NA,NA
1426312,2,Kolkata Knight Riders,Sunrisers Hyderabad,3,4,Rahmanullah Gurbaz,T Natarajan,VR Iyer,0,1,1,wides,0,NA,NA,NA
1426312,2,Kolkata Knight Riders,Sunrisers Hyderabad,3,5,Rahmanullah Gurbaz,T Natarajan,VR Iyer,0,0,0,null,0,NA,NA,NA
1426312,2,Kolkata Knight Riders,Sunrisers Hyderabad,3,6,Rahmanullah Gurbaz,T Natarajan,VR Iyer,1,0,1,null,0,NA,NA,NA
1426312,2,Kolkata Knight Riders,Sunrisers Hyderabad,3,7,VR Iyer,T Natarajan,Rahmanullah Gurbaz,1,0,1,null,0,NA,NA,NA
1426312,2,Kolkata Knight Riders,Sunrisers Hyderabad,3,8,Rahmanullah Gurbaz,T Natarajan,VR Iyer,1,0,1,null,0,NA,NA,NA
1426312,2,Kolkata Knight Riders,Sunrisers Hyderabad,4,1,Rahmanullah Gurbaz,PJ Cummins,VR Iyer,4,0,4,null,0,NA,NA,NA
1426312,2,Kolkata Knight Riders,Sunrisers Hyderabad,4,2,Rahmanullah Gurbaz,PJ Cummins,VR Iyer,1,0,1,null,0,NA,NA,NA
1426312,2,Kolkata Knight Riders,Sunrisers Hyderabad,4,3,VR Iyer,PJ Cummins,Rahmanullah Gurbaz,1,0,1,null,0,NA,NA,NA
1426312,2,Kolkata Knight Riders,Sunrisers Hyderabad,4,4,Rahmanullah Gurbaz,PJ Cummins,VR Iyer,0,0,0,null,0,NA,NA,NA
1426312,2,Kolkata Knight Riders,Sunrisers Hyderabad,4,5,Rahmanullah Gurbaz,PJ Cummins,VR Iyer,0,0,0,null,0,NA,NA,NA
1426312,2,Kolkata Knight Riders,Sunrisers Hyderabad,4,6,Rahmanullah Gurbaz,PJ Cummins,VR Iyer,0,0,0,null,0,NA,NA,NA
1426312,2,Kolkata Knight Riders,Sunrisers Hyderabad,5,1,VR Iyer,T Natarajan,Rahmanullah Gurbaz,4,0,4,null,0,NA,NA,NA
1426312,2,Kolkata Knight Riders,Sunrisers Hyderabad,5,2,VR Iyer,T Natarajan,Rahmanullah Gurbaz,4,0,4,null,0,NA,NA,NA
1426312,2,Kolkata Knight Riders,Sunrisers Hyderabad,5,3,VR Iyer,T Natarajan,Rahmanullah Gurbaz,6,0,6,null,0,NA,NA,NA
1426312,2,Kolkata Knight Riders,Sunrisers Hyderabad,5,4,VR Iyer,T Natarajan,Rahmanullah Gurbaz,4,0,4,null,0,NA,NA,NA
1426312,2,Kolkata Knight Riders,Sunrisers Hyderabad,5,5,VR Iyer,T Natarajan,Rahmanullah Gurbaz,1,0,1,null,0,NA,NA,NA
1426312,2,Kolkata Knight Riders,Sunrisers Hyderabad,5,6,Rahmanullah Gurbaz,T Natarajan,VR Iyer,1,0,1,null,0,NA,NA,NA
1426312,2,Kolkata Knight Riders,Sunrisers Hyderabad,6,1,Rahmanullah Gurbaz,Shahbaz Ahmed,VR Iyer,0,0,0,null,0,NA,NA,NA
1426312,2,Kolkata Knight Riders,Sunrisers Hyderabad,6,2,Rahmanullah Gurbaz,Shahbaz Ahmed,VR Iyer,0,4,4,byes,0,NA,NA,NA
1426312,2,Kolkata Knight Riders,Sunrisers Hyderabad,6,3,Rahmanullah Gurbaz,Shahbaz Ahmed,VR Iyer,6,0,6,null,0,NA,NA,NA
1426312,2,Kolkata Knight Riders,Sunrisers Hyderabad,6,4,Rahmanullah Gurbaz,Shahbaz Ahmed,VR Iyer,1,0,1,null,0,NA,NA,NA
1426312,2,Kolkata Knight Riders,Sunrisers Hyderabad,6,5,VR Iyer,Shahbaz Ahmed,Rahmanullah Gurbaz,0,1,1,legbyes,0,NA,NA,NA
1426312,2,Kolkata Knight Riders,Sunrisers Hyderabad,6,6,Rahmanullah Gurbaz,Shahbaz Ahmed,VR Iyer,0,0,0,null,0,NA,NA,NA
1426312,2,Kolkata Knight Riders,Sunrisers Hyderabad,7,1,VR Iyer,JD Unadkat,Rahmanullah Gurbaz,1,0,1,null,0,NA,NA,NA
1426312,2,Kolkata Knight Riders,Sunrisers Hyderabad,7,2,Rahmanullah Gurbaz,JD Unadkat,VR Iyer,1,0,1,null,0,NA,NA,NA
1426312,2,Kolkata Knight Riders,Sunrisers Hyderabad,7,3,VR Iyer,JD Unadkat,Rahmanullah Gurbaz,0,0,0,null,0,NA,NA,NA
1426312,2,Kolkata Knight Riders,Sunrisers Hyderabad,7,4,VR Iyer,JD Unadkat,Rahmanullah Gurbaz,2,0,2,null,0,NA,NA,NA
1426312,2,Kolkata Knight Riders,Sunrisers Hyderabad,7,5,VR Iyer,JD Unadkat,Rahmanullah Gurbaz,1,0,1,null,0,NA,NA,NA
1426312,2,Kolkata Knight Riders,Sunrisers Hyderabad,7,6,Rahmanullah Gurbaz,JD Unadkat,VR Iyer,4,0,4,null,0,NA,NA,NA
1426312,2,Kolkata Knight Riders,Sunrisers Hyderabad,8,1,VR Iyer,Shahbaz Ahmed,Rahmanullah Gurbaz,2,0,2,null,0,NA,NA,NA
1426312,2,Kolkata Knight Riders,Sunrisers Hyderabad,8,2,VR Iyer,Shahbaz Ahmed,Rahmanullah Gurbaz,0,1,1,legbyes,0,NA,NA,NA
1426312,2,Kolkata Knight Riders,Sunrisers Hyderabad,8,3,Rahmanullah Gurbaz,Shahbaz Ahmed,VR Iyer,0,0,0,null,0,NA,NA,NA
1426312,2,Kolkata Knight Riders,Sunrisers Hyderabad,8,4,Rahmanullah Gurbaz,Shahbaz Ahmed,VR Iyer,6,0,6,null,0,NA,NA,NA
1426312,2,Kolkata Knight Riders,Sunrisers Hyderabad,8,5,Rahmanullah Gurbaz,Shahbaz Ahmed,VR Iyer,0,0,0,null,1,Rahmanullah Gurbaz,lbw,NA
1426312,2,Kolkata Knight Riders,Sunrisers Hyderabad,8,6,SS Iyer,Shahbaz Ahmed,VR Iyer,4,0,4,null,0,NA,NA,NA
1426312,2,Kolkata Knight Riders,Sunrisers Hyderabad,9,1,VR Iyer,AK Markram,SS Iyer,2,0,2,null,0,NA,NA,NA
1426312,2,Kolkata Knight Riders,Sunrisers Hyderabad,9,2,VR Iyer,AK Markram,SS Iyer,0,0,0,null,0,NA,NA,NA
1426312,2,Kolkata Knight Riders,Sunrisers Hyderabad,9,3,VR Iyer,AK Markram,SS Iyer,0,0,0,null,0,NA,NA,NA
1426312,2,Kolkata Knight Riders,Sunrisers Hyderabad,9,4,VR Iyer,AK Markram,SS Iyer,1,0,1,null,0,NA,NA,NA
1426312,2,Kolkata Knight Riders,Sunrisers Hyderabad,9,5,SS Iyer,AK Markram,VR Iyer,1,0,1,null,0,NA,NA,NA
1426312,2,Kolkata Knight Riders,Sunrisers Hyderabad,9,6,VR Iyer,AK Markram,SS Iyer,1,0,1,null,0,NA,NA,NA
1426312,2,Kolkata Knight Riders,Sunrisers Hyderabad,10,1,VR Iyer,Shahbaz Ahmed,SS Iyer,1,0,1,null,0,NA,NA,NA
1426312,2,Kolkata Knight Riders,Sunrisers Hyderabad,10,2,SS Iyer,Shahbaz Ahmed,VR Iyer,1,0,1,null,0,NA,NA,NA
1426312,2,Kolkata Knight Riders,Sunrisers Hyderabad,10,3,VR Iyer,Shahbaz Ahmed,SS Iyer,1,0,1,null,0,NA,NA,NA
